﻿<?xml version="1.0" encoding="utf-8"?>
<resources>
  <index root="\" startIndexAt="bld\Debug\layout.resfiles">
    <default>
      <qualifier name="Language" value="en-US" />
      <qualifier name="Contrast" value="standard" />
      <qualifier name="Scale" value="100" />
      <qualifier name="HomeRegion" value="001" />
      <qualifier name="TargetSize" value="256" />
      <qualifier name="LayoutDirection" value="LTR" />
      <qualifier name="Configuration" value="" />
      <qualifier name="AlternateForm" value="" />
    </default>
    <indexer-config type="RESFILES" qualifierDelimiter="." />
  </index>
  <index root="\" startIndexAt="bld\Debug\resources.resfiles">
    <default>
      <qualifier name="Language" value="en-US" />
      <qualifier name="Contrast" value="standard" />
      <qualifier name="Scale" value="100" />
      <qualifier name="HomeRegion" value="001" />
      <qualifier name="TargetSize" value="256" />
      <qualifier name="LayoutDirection" value="LTR" />
      <qualifier name="Configuration" value="" />
      <qualifier name="AlternateForm" value="" />
    </default>
    <indexer-config type="RESW" convertDotsToSlashes="true" />
    <indexer-config type="RESJSON" />
    <indexer-config type="RESFILES" qualifierDelimiter="." />
  </index>
  <index root="\" startIndexAt="bld\Debug\pri.resfiles">
    <default>
      <qualifier name="Language" value="en-US" />
      <qualifier name="Contrast" value="standard" />
      <qualifier name="Scale" value="100" />
      <qualifier name="HomeRegion" value="001" />
      <qualifier name="TargetSize" value="256" />
      <qualifier name="LayoutDirection" value="LTR" />
      <qualifier name="Configuration" value="" />
      <qualifier name="AlternateForm" value="" />
    </default>
    <indexer-config type="PRI" />
    <indexer-config type="RESFILES" qualifierDelimiter="." />
  </index>
</resources>